{
  "enabled": true,
  "source": "mlir_plus_product_artifacts",
  "uses_profiling_target": false,
  "kernel_type": "scalar_control_heavy",
  "dominant_component": "scalar",
  "ratios": {
    "compute": 0.016149024416174478,
    "memory": 0.11593125017493168,
    "vector": 0.07855912597662693,
    "scalar": 0.5532419968217043,
    "sync": 0.23611860261056275
  },
  "static_ratios": {
    "compute": 0.026445208765724443,
    "memory": 0.09902441142016132,
    "vector": 0.12134770904376964,
    "scalar": 0.4758921175214685,
    "sync": 0.27729055324887614
  },
  "product_ratios": {
    "compute": 0.000704747891849527,
    "memory": 0.1412915083070872,
    "vector": 0.01437625137591284,
    "scalar": 0.6692668157720578,
    "sync": 0.17436067665309257
  },
  "weights": {
    "compute_cycle_correction": 1.0579378829299408,
    "memory_cycle_correction": 1.1024126913940397,
    "vector_cycle_correction": 1.0167096481608233,
    "scalar_cycle_correction": 1.724942716980619,
    "sync_cycle_correction": 1.3582008122189784,
    "small_tile_fragmentation_correction": 1.2964837500000002,
    "memory_path_cycle_correction": 1.0367452695830452,
    "alignment_cycle_correction": 1.0213373333333333,
    "workspace_pressure_correction": 1.1495595806849273,
    "overlap_confidence": 0.8843567082728203,
    "cv_overlap_confidence": 0.904485091943105,
    "cv_pattern_opportunity_correction": 0.9715,
    "compute_multiplier": 1.0579378829299408,
    "memory_multiplier": 1.1024126913940397,
    "vector_multiplier": 1.0167096481608233,
    "scalar_control_multiplier": 1.724942716980619,
    "sync_multiplier": 1.3582008122189784,
    "small_tile_scalar_penalty_scale": 1.2964837500000002,
    "memory_path_multiplier": 1.0367452695830452,
    "alignment_penalty_scale": 1.0213373333333333,
    "buffer_pressure_scale": 1.1495595806849273,
    "overlap_reward_scale": 0.8843567082728203,
    "cv_reward_scale": 0.904485091943105,
    "cube_reward_scale": 1.0,
    "cv_pattern_opportunity_scale": 0.9715,
    "loop_weighted_scalar_multiplier": 1.2964837500000002
  },
  "raw_features": {
    "compute_score": 85.875,
    "memory_score": 321.56,
    "vector_score": 394.05,
    "scalar_score": 1545.3550000000002,
    "sync_score": 900.44009375,
    "scalar_family_counts": {
      "arith_scalar": 28,
      "index_cast": 61,
      "reinterpret_cast": 13,
      "pointer_cast": 59,
      "apply": 10,
      "scalar_load": 4,
      "scf_for": 5,
      "scf_if": 2,
      "get_block_idx": 2,
      "set_mask_norm": 2,
      "set_ffts_base_addr": 2
    },
    "trace_scalar_hint": 90.38000000000002,
    "trace_sync_hint": 26.08,
    "product_pipe_fraction": {
      "pipe_unknown": 1.5995747873193937e-06,
      "pipe_s": 0.9596011391714614,
      "mte2": 0.011010558793171095,
      "cube": 0.0010104742442180513,
      "pipe_mte1": 0.0017433080074942364,
      "fix": 0.004417111519840555,
      "pipe_all": 0.000294778782234574,
      "mte3": 0.0013082236653433612,
      "vector": 0.020612806241449417
    },
    "product_critical_pipe": "pipe_s",
    "advanced_mlir_features": {
      "loop_weighted": {
        "max_loop_depth": 41,
        "flat_counts_by_component": {
          "compute": 3,
          "memory": 12,
          "vector": 37,
          "scalar": 275,
          "sync": 111
        },
        "loop_weighted_counts_by_component": {
          "compute": 12.75,
          "memory": 51.0,
          "vector": 157.25,
          "scalar": 1170.5,
          "sync": 465.25
        },
        "inner_loop_counts_by_component": {
          "compute": 3,
          "memory": 12,
          "vector": 37,
          "scalar": 268,
          "sync": 109
        },
        "loop_weighted_ratios": {
          "compute": 0.006867,
          "memory": 0.027467,
          "vector": 0.084691,
          "scalar": 0.630403,
          "sync": 0.250572
        },
        "inner_loop_sync_count": 109,
        "inner_loop_scalar_count": 268
      },
      "memory_path": {
        "path_counts": {
          "l1->l0c": 2,
          "l0c->gm": 1,
          "ub->ub": 4,
          "gm->ub": 1
        },
        "path_bytes": {
          "l1->l0c": 0,
          "l0c->gm": 8192,
          "ub->ub": 32960,
          "gm->ub": 8192
        },
        "op_bytes": {
          "copy": 32960,
          "nd2nz": 0,
          "fixpipe": 8192,
          "load_store": 63616
        },
        "total_path_bytes": 49344,
        "gm_related_bytes": 16384,
        "l0_l1_related_bytes": 8192
      },
      "buffer_lifetime": {
        "by_space": {
          "l1": {
            "count": 10,
            "bytes": 339968,
            "span_sum": 1474,
            "byte_span_sum": 40935424,
            "max_span": 402,
            "avg_span": 147.4
          },
          "l0c": {
            "count": 4,
            "bytes": 81920,
            "span_sum": 24,
            "byte_span_sum": 417792,
            "max_span": 13,
            "avg_span": 6.0
          },
          "ub": {
            "count": 78,
            "bytes": 558768,
            "span_sum": 1522,
            "byte_span_sum": 11607456,
            "max_span": 205,
            "avg_span": 19.512820512820515
          }
        },
        "top_double_buffer_candidates": [
          {
            "name": "82",
            "space": "l1",
            "size_bytes": 131072,
            "live_span": 198,
            "double_buffer_benefit_proxy": 25.7245
          },
          {
            "name": "collapse_shape",
            "space": "ub",
            "size_bytes": 32768,
            "live_span": 194,
            "double_buffer_benefit_proxy": 18.4371
          },
          {
            "name": "cast_17",
            "space": "l1",
            "size_bytes": 131072,
            "live_span": 31,
            "double_buffer_benefit_proxy": 16.8428
          },
          {
            "name": "30",
            "space": "l1",
            "size_bytes": 16384,
            "live_span": 243,
            "double_buffer_benefit_proxy": 15.5747
          },
          {
            "name": "80",
            "space": "l1",
            "size_bytes": 16384,
            "live_span": 200,
            "double_buffer_benefit_proxy": 15.0254
          },
          {
            "name": "cast",
            "space": "l1",
            "size_bytes": 16384,
            "live_span": 107,
            "double_buffer_benefit_proxy": 13.2655
          },
          {
            "name": "collapse_shape_2",
            "space": "ub",
            "size_bytes": 8192,
            "live_span": 191,
            "double_buffer_benefit_proxy": 11.5519
          },
          {
            "name": "75",
            "space": "ub",
            "size_bytes": 32768,
            "live_span": 11,
            "double_buffer_benefit_proxy": 8.6885
          },
          {
            "name": "collapse_shape_8",
            "space": "ub",
            "size_bytes": 8192,
            "live_span": 49,
            "double_buffer_benefit_proxy": 8.5956
          },
          {
            "name": "81",
            "space": "l1",
            "size_bytes": 4096,
            "live_span": 199,
            "double_buffer_benefit_proxy": 8.5273
          },
          {
            "name": "30",
            "space": "ub",
            "size_bytes": 32768,
            "live_span": 10,
            "double_buffer_benefit_proxy": 8.3843
          },
          {
            "name": "55",
            "space": "ub",
            "size_bytes": 8192,
            "live_span": 42,
            "double_buffer_benefit_proxy": 8.2642
          },
          {
            "name": "collapse_shape_23",
            "space": "ub",
            "size_bytes": 32768,
            "live_span": 9,
            "double_buffer_benefit_proxy": 8.051
          },
          {
            "name": "78",
            "space": "ub",
            "size_bytes": 32768,
            "live_span": 7,